dataset,N,solution,best_of_generations,heuristic_cost,initial_best_cost,initial_improved_cost,timeout_ms,program_time_ms,was_interrupted
d1291,1291,61959,61959,61959,61959,61959,100,3681.0,1.0
d1291,1291,61959,61959,61959,61959,61959,100,3661.0,1.0
d1291,1291,61957,61959,61959,61959,61959,100,3601.0,1.0
d1291,1291,61959,61959,61959,61959,61959,100,3654.0,1.0
d1291,1291,61959,61959,61959,61959,61959,100,3798.0,1.0
d1291,1291,61959,61959,61959,61959,61959,100,3531.0,1.0
d1291,1291,61959,61959,61959,61959,61959,100,3489.0,1.0
d1291,1291,61959,61959,61959,61959,61959,100,3626.0,1.0
d1291,1291,61959,61959,61959,61959,61959,100,3667.0,1.0
d1291,1291,61959,61959,61959,61959,61959,100,3516.0,1.0
d1291,1291,61959,61959,61959,61959,61959,100,3660.0,1.0
d1291,1291,61957,61957,61959,61959,61959,1000,4600.0,1.0
d1291,1291,61957,61957,61959,61959,61959,1000,4542.0,1.0
d1291,1291,61959,61959,61959,61959,61959,1000,4378.0,1.0
d1291,1291,61959,61959,61959,61959,61959,1000,4551.0,1.0
d1291,1291,61959,61959,61959,61959,61959,1000,4602.0,1.0
d1291,1291,61959,61959,61959,61959,61959,1000,4289.0,1.0
d1291,1291,61959,61959,61959,61959,61959,1000,4423.0,1.0
d1291,1291,61959,61959,61959,61959,61959,1000,4494.0,1.0
d1291,1291,61954,61959,61959,61959,61959,1000,4521.0,1.0
d1291,1291,61959,61959,61959,61959,61959,1000,4284.0,1.0
d1291,1291,61957,61957,61959,61959,61959,1000,4356.0,1.0
d1291,1291,61954,61954,61959,61959,61959,10000,13377.0,1.0
d1291,1291,61954,61954,61959,61959,61959,10000,13259.0,1.0
d1291,1291,61957,61957,61959,61959,61959,10000,13453.0,1.0
d1291,1291,61952,61952,61959,61959,61959,10000,13404.0,1.0
d1291,1291,61952,61952,61959,61959,61959,10000,13388.0,1.0
d1291,1291,61952,61952,61959,61959,61959,10000,13461.0,1.0
d1291,1291,61954,61954,61959,61959,61959,10000,13415.0,1.0
d1291,1291,61957,61957,61959,61959,61959,10000,13266.0,1.0
d1291,1291,61952,61952,61959,61959,61959,10000,13427.0,1.0
d1291,1291,61954,61954,61959,61959,61959,10000,13543.0,1.0
d1291,1291,61954,61954,61959,61959,61959,10000,13344.0,1.0
d1291,1291,61952,61952,61959,61959,61959,60000,40034.0,0.0
d1291,1291,61952,61952,61959,61959,61959,60000,34308.0,0.0
d1291,1291,61952,61952,61959,61959,61959,60000,42201.0,0.0
d1291,1291,61952,61952,61959,61959,61959,60000,60023.0,0.0
d1291,1291,61952,61952,61959,61959,61959,60000,44996.0,0.0
d1291,1291,61952,61952,61959,61959,61959,60000,49895.0,0.0
d1291,1291,61954,61954,61959,61959,61959,60000,30789.0,0.0
d1291,1291,61952,61952,61959,61959,61959,60000,39248.0,0.0
d1291,1291,61952,61952,61959,61959,61959,60000,35571.0,0.0
d1291,1291,61952,61952,61959,61959,61959,60000,36773.0,0.0
d1291,1291,61952,61952,61959,61959,61959,60000,33836.0,0.0
d1655,1655,71608,71608,71608,71608,71608,100,10059.0,1.0
d1655,1655,71608,71608,71608,71608,71608,100,10257.0,1.0
d1655,1655,71608,71608,71608,71608,71608,100,10146.0,1.0
d1655,1655,71596,71596,71608,71608,71608,100,10191.0,1.0
d1655,1655,71608,71608,71608,71608,71608,100,10116.0,1.0
d1655,1655,71608,71608,71608,71608,71608,100,10201.0,1.0
d1655,1655,71608,71608,71608,71608,71608,100,9427.0,1.0
d1655,1655,71608,71608,71608,71608,71608,100,10050.0,1.0
d1655,1655,71591,71596,71608,71608,71608,100,10176.0,1.0
d1655,1655,71608,71608,71608,71608,71608,100,10129.0,1.0
d1655,1655,71603,71603,71608,71608,71608,100,10306.0,1.0
d1655,1655,71608,71608,71608,71608,71608,1000,11104.0,1.0
d1655,1655,71608,71608,71608,71608,71608,1000,10981.0,1.0
d1655,1655,71608,71608,71608,71608,71608,1000,10809.0,1.0
d1655,1655,71560,71560,71608,71608,71608,1000,10701.0,1.0
d1655,1655,71606,71606,71608,71608,71608,1000,10628.0,1.0
d1655,1655,71560,71608,71608,71608,71608,1000,10566.0,1.0
d1655,1655,71608,71608,71608,71608,71608,1000,10724.0,1.0
d1655,1655,71608,71608,71608,71608,71608,1000,10634.0,1.0
d1655,1655,71560,71608,71608,71608,71608,1000,10590.0,1.0
d1655,1655,71608,71608,71608,71608,71608,1000,10673.0,1.0
d1655,1655,71608,71608,71608,71608,71608,1000,11131.0,1.0
d1655,1655,71584,71584,71608,71608,71608,10000,19284.0,1.0
d1655,1655,71584,71584,71608,71608,71608,10000,19650.0,1.0
d1655,1655,71461,71461,71608,71608,71608,10000,19629.0,1.0
d1655,1655,71561,71576,71608,71608,71608,10000,19789.0,1.0
d1655,1655,71586,71586,71608,71608,71608,10000,19983.0,1.0
d1655,1655,71559,71559,71608,71608,71608,10000,19814.0,1.0
d1655,1655,71539,71539,71608,71608,71608,10000,19323.0,1.0
d1655,1655,71571,71571,71608,71608,71608,10000,19385.0,1.0
d1655,1655,71530,71530,71608,71608,71608,10000,20011.0,1.0
d1655,1655,71473,71473,71608,71608,71608,10000,19771.0,1.0
d1655,1655,71608,71608,71608,71608,71608,10000,19856.0,1.0
d1655,1655,71413,71413,71608,71608,71608,60000,69665.0,1.0
d1655,1655,71475,71475,71608,71608,71608,60000,69561.0,1.0
d1655,1655,71398,71398,71608,71608,71608,60000,69943.0,1.0
d1655,1655,71479,71479,71608,71608,71608,60000,70038.0,1.0
d1655,1655,71386,71386,71608,71608,71608,60000,69850.0,1.0
d1655,1655,71466,71466,71608,71608,71608,60000,69958.0,1.0
d1655,1655,71429,71429,71608,71608,71608,60000,69524.0,1.0
d1655,1655,71386,71386,71608,71608,71608,60000,69636.0,1.0
d1655,1655,71400,71400,71608,71608,71608,60000,69955.0,1.0
d1655,1655,71478,71478,71608,71608,71608,60000,69401.0,1.0
d1655,1655,71398,71398,71608,71608,71608,60000,69449.0,1.0
d198,198,16252,16252,16256,16256,16256,100,130.0,1.0
d198,198,16225,16225,16256,16256,16256,100,133.0,1.0
d198,198,16252,16252,16256,16256,16256,100,132.0,1.0
d198,198,16252,16252,16256,16256,16256,100,127.0,1.0
d198,198,16256,16256,16256,16256,16256,100,126.0,1.0
d198,198,16252,16252,16256,16256,16256,100,128.0,1.0
d198,198,16252,16252,16256,16256,16256,100,127.0,1.0
d198,198,16252,16252,16256,16256,16256,100,128.0,1.0
d198,198,16252,16252,16256,16256,16256,100,127.0,1.0
d198,198,16234,16234,16256,16256,16256,100,137.0,1.0
d198,198,16252,16252,16256,16256,16256,100,128.0,1.0
d198,198,16238,16238,16256,16256,16256,1000,1040.0,1.0
d198,198,16244,16244,16256,16256,16256,1000,1030.0,1.0
d198,198,16252,16252,16256,16256,16256,1000,1037.0,1.0
d198,198,16249,16249,16256,16256,16256,1000,1034.0,1.0
d198,198,16252,16252,16256,16256,16256,1000,1033.0,1.0
d198,198,16143,16143,16256,16256,16256,1000,1027.0,1.0
d198,198,16193,16193,16256,16256,16256,1000,1027.0,1.0
d198,198,16252,16252,16256,16256,16256,1000,1025.0,1.0
d198,198,16252,16252,16256,16256,16256,1000,1037.0,1.0
d198,198,16252,16252,16256,16256,16256,1000,1029.0,1.0
d198,198,16225,16225,16256,16256,16256,1000,1028.0,1.0
d198,198,16206,16206,16256,16256,16256,10000,4301.0,0.0
d198,198,16061,16061,16256,16256,16256,10000,5221.0,0.0
d198,198,16252,16252,16256,16256,16256,10000,2340.0,0.0
d198,198,16249,16249,16256,16256,16256,10000,4030.0,0.0
d198,198,16084,16084,16256,16256,16256,10000,5085.0,0.0
d198,198,16193,16193,16256,16256,16256,10000,5218.0,0.0
d198,198,16252,16252,16256,16256,16256,10000,2304.0,0.0
d198,198,16208,16208,16256,16256,16256,10000,5127.0,0.0
d198,198,16238,16238,16256,16256,16256,10000,3895.0,0.0
d198,198,16168,16168,16256,16256,16256,10000,4719.0,0.0
d198,198,16252,16252,16256,16256,16256,10000,2298.0,0.0
d198,198,16193,16193,16256,16256,16256,60000,4347.0,0.0
d198,198,16252,16252,16256,16256,16256,60000,2312.0,0.0
d198,198,16238,16252,16256,16256,16256,60000,2353.0,0.0
d198,198,16220,16220,16256,16256,16256,60000,2701.0,0.0
d198,198,16220,16220,16256,16256,16256,60000,2580.0,0.0
d198,198,16179,16179,16256,16256,16256,60000,4995.0,0.0
d198,198,16227,16227,16256,16256,16256,60000,4366.0,0.0
d198,198,16252,16252,16256,16256,16256,60000,2341.0,0.0
d198,198,16204,16204,16256,16256,16256,60000,2667.0,0.0
d198,198,16202,16202,16256,16256,16256,60000,4645.0,0.0
d198,198,16252,16252,16256,16256,16256,60000,2316.0,0.0
d493,493,39487,39506,39506,39506,39506,100,322.0,1.0
d493,493,39488,39488,39506,39506,39506,100,324.0,1.0
d493,493,39475,39506,39506,39506,39506,100,322.0,1.0
d493,493,39469,39488,39506,39506,39506,100,324.0,1.0
d493,493,39475,39475,39506,39506,39506,100,319.0,1.0
d493,493,39494,39506,39506,39506,39506,100,318.0,1.0
d493,493,39475,39475,39506,39506,39506,100,326.0,1.0
d493,493,39475,39475,39506,39506,39506,100,325.0,1.0
d493,493,39484,39484,39506,39506,39506,100,330.0,1.0
d493,493,39485,39485,39506,39506,39506,100,329.0,1.0
d493,493,39494,39494,39506,39506,39506,100,323.0,1.0
d493,493,39442,39442,39506,39506,39506,1000,1225.0,1.0
d493,493,39473,39473,39506,39506,39506,1000,1200.0,1.0
d493,493,39428,39428,39506,39506,39506,1000,1197.0,1.0
d493,493,39466,39466,39506,39506,39506,1000,1192.0,1.0
d493,493,39423,39423,39506,39506,39506,1000,1191.0,1.0
d493,493,39423,39423,39506,39506,39506,1000,1201.0,1.0
d493,493,39456,39456,39506,39506,39506,1000,1192.0,1.0
d493,493,39423,39423,39506,39506,39506,1000,1205.0,1.0
d493,493,39442,39442,39506,39506,39506,1000,1197.0,1.0
d493,493,39423,39423,39506,39506,39506,1000,1191.0,1.0
d493,493,39435,39435,39506,39506,39506,1000,1195.0,1.0
d493,493,39423,39423,39506,39506,39506,10000,9230.0,0.0
d493,493,39420,39420,39506,39506,39506,10000,9416.0,0.0
d493,493,39423,39423,39506,39506,39506,10000,7832.0,0.0
d493,493,39423,39423,39506,39506,39506,10000,8812.0,0.0
d493,493,39423,39423,39506,39506,39506,10000,10192.0,1.0
d493,493,39423,39423,39506,39506,39506,10000,8775.0,0.0
d493,493,39423,39423,39506,39506,39506,10000,8886.0,0.0
d493,493,39423,39423,39506,39506,39506,10000,10215.0,1.0
d493,493,39423,39423,39506,39506,39506,10000,10207.0,1.0
d493,493,39423,39423,39506,39506,39506,10000,7407.0,0.0
d493,493,39423,39423,39506,39506,39506,10000,10199.0,1.0
d493,493,39423,39423,39506,39506,39506,60000,8661.0,0.0
d493,493,39423,39423,39506,39506,39506,60000,8710.0,0.0
d493,493,39423,39423,39506,39506,39506,60000,8984.0,0.0
d493,493,39423,39423,39506,39506,39506,60000,8879.0,0.0
d493,493,39423,39423,39506,39506,39506,60000,8634.0,0.0
d493,493,39420,39420,39506,39506,39506,60000,14794.0,0.0
d493,493,39423,39423,39506,39506,39506,60000,8051.0,0.0
d493,493,39423,39423,39506,39506,39506,60000,7864.0,0.0
d493,493,39423,39423,39506,39506,39506,60000,10387.0,0.0
d493,493,39423,39423,39506,39506,39506,60000,8686.0,0.0
d493,493,39423,39423,39506,39506,39506,60000,8284.0,0.0
d657,657,53825,53825,53825,53825,53825,100,539.0,1.0
d657,657,53825,53825,53825,53825,53825,100,529.0,1.0
d657,657,53825,53825,53825,53825,53825,100,548.0,1.0
d657,657,53716,53802,53825,53825,53825,100,520.0,1.0
d657,657,53825,53825,53825,53825,53825,100,548.0,1.0
d657,657,53763,53812,53825,53825,53825,100,543.0,1.0
d657,657,53825,53825,53825,53825,53825,100,544.0,1.0
d657,657,53825,53825,53825,53825,53825,100,526.0,1.0
d657,657,53825,53825,53825,53825,53825,100,546.0,1.0
d657,657,53781,53781,53825,53825,53825,100,545.0,1.0
d657,657,53825,53825,53825,53825,53825,100,543.0,1.0
d657,657,53733,53733,53825,53825,53825,1000,1414.0,1.0
d657,657,53684,53684,53825,53825,53825,1000,1445.0,1.0
d657,657,53680,53680,53825,53825,53825,1000,1437.0,1.0
d657,657,53808,53821,53825,53825,53825,1000,1430.0,1.0
d657,657,53776,53776,53825,53825,53825,1000,1458.0,1.0
d657,657,53711,53711,53825,53825,53825,1000,1389.0,1.0
d657,657,53745,53745,53825,53825,53825,1000,1465.0,1.0
d657,657,53752,53752,53825,53825,53825,1000,1469.0,1.0
d657,657,53773,53773,53825,53825,53825,1000,1437.0,1.0
d657,657,53728,53728,53825,53825,53825,1000,1404.0,1.0
d657,657,53747,53747,53825,53825,53825,1000,1469.0,1.0
d657,657,53631,53631,53825,53825,53825,10000,10439.0,1.0
d657,657,53642,53642,53825,53825,53825,10000,10425.0,1.0
d657,657,53631,53631,53825,53825,53825,10000,10422.0,1.0
d657,657,53617,53617,53825,53825,53825,10000,10399.0,1.0
d657,657,53617,53617,53825,53825,53825,10000,10436.0,1.0
d657,657,53617,53617,53825,53825,53825,10000,10422.0,1.0
d657,657,53617,53617,53825,53825,53825,10000,10443.0,1.0
d657,657,53618,53618,53825,53825,53825,10000,10427.0,1.0
d657,657,53672,53672,53825,53825,53825,10000,10457.0,1.0
d657,657,53617,53617,53825,53825,53825,10000,10449.0,1.0
d657,657,53617,53617,53825,53825,53825,10000,10430.0,1.0
d657,657,53618,53618,53825,53825,53825,60000,16197.0,0.0
d657,657,53617,53617,53825,53825,53825,60000,18589.0,0.0
d657,657,53617,53617,53825,53825,53825,60000,16028.0,0.0
d657,657,53617,53617,53825,53825,53825,60000,19963.0,0.0
d657,657,53618,53618,53825,53825,53825,60000,19782.0,0.0
d657,657,53617,53617,53825,53825,53825,60000,13440.0,0.0
d657,657,53618,53618,53825,53825,53825,60000,13477.0,0.0
d657,657,53617,53617,53825,53825,53825,60000,20368.0,0.0
d657,657,53618,53618,53825,53825,53825,60000,17760.0,0.0
d657,657,53631,53631,53825,53825,53825,60000,19781.0,0.0
d657,657,53618,53618,53825,53825,53825,60000,17373.0,0.0
sim-grid-B-010,10,3533,3533,3533,3533,3533,100,59.0,0.0
sim-grid-B-010,10,3533,3533,3533,3533,3533,100,60.0,0.0
sim-grid-B-010,10,3533,3533,3533,3533,3533,100,59.0,0.0
sim-grid-B-010,10,3533,3533,3533,3533,3533,100,59.0,0.0
sim-grid-B-010,10,3533,3533,3533,3533,3533,100,61.0,0.0
sim-grid-B-010,10,3533,3533,3533,3533,3533,100,61.0,0.0
sim-grid-B-010,10,3533,3533,3533,3533,3533,100,60.0,0.0
sim-grid-B-010,10,3533,3533,3533,3533,3533,100,60.0,0.0
sim-grid-B-010,10,3533,3533,3533,3533,3533,100,59.0,0.0
sim-grid-B-010,10,3533,3533,3533,3533,3533,100,59.0,0.0
sim-grid-B-010,10,3533,3533,3533,3533,3533,100,60.0,0.0
sim-grid-B-010,10,3533,3533,3533,3533,3533,1000,61.0,0.0
sim-grid-B-010,10,3533,3533,3533,3533,3533,1000,59.0,0.0
sim-grid-B-010,10,3533,3533,3533,3533,3533,1000,59.0,0.0
sim-grid-B-010,10,3533,3533,3533,3533,3533,1000,60.0,0.0
sim-grid-B-010,10,3533,3533,3533,3533,3533,1000,59.0,0.0
sim-grid-B-010,10,3533,3533,3533,3533,3533,1000,59.0,0.0
sim-grid-B-010,10,3533,3533,3533,3533,3533,1000,59.0,0.0
sim-grid-B-010,10,3533,3533,3533,3533,3533,1000,59.0,0.0
sim-grid-B-010,10,3533,3533,3533,3533,3533,1000,59.0,0.0
sim-grid-B-010,10,3533,3533,3533,3533,3533,1000,86.0,0.0
sim-grid-B-010,10,3533,3533,3533,3533,3533,1000,60.0,0.0
sim-grid-B-010,10,3533,3533,3533,3533,3533,10000,60.0,0.0
sim-grid-B-010,10,3533,3533,3533,3533,3533,10000,60.0,0.0
sim-grid-B-010,10,3533,3533,3533,3533,3533,10000,58.0,0.0
sim-grid-B-010,10,3533,3533,3533,3533,3533,10000,58.0,0.0
sim-grid-B-010,10,3533,3533,3533,3533,3533,10000,58.0,0.0
sim-grid-B-010,10,3533,3533,3533,3533,3533,10000,59.0,0.0
sim-grid-B-010,10,3533,3533,3533,3533,3533,10000,59.0,0.0
sim-grid-B-010,10,3533,3533,3533,3533,3533,10000,59.0,0.0
sim-grid-B-010,10,3533,3533,3533,3533,3533,10000,60.0,0.0
sim-grid-B-010,10,3533,3533,3533,3533,3533,10000,59.0,0.0
sim-grid-B-010,10,3533,3533,3533,3533,3533,10000,58.0,0.0
sim-grid-B-010,10,3533,3533,3533,3533,3533,60000,61.0,0.0
sim-grid-B-010,10,3533,3533,3533,3533,3533,60000,57.0,0.0
sim-grid-B-010,10,3533,3533,3533,3533,3533,60000,59.0,0.0
sim-grid-B-010,10,3533,3533,3533,3533,3533,60000,60.0,0.0
sim-grid-B-010,10,3533,3533,3533,3533,3533,60000,59.0,0.0
sim-grid-B-010,10,3533,3533,3533,3533,3533,60000,59.0,0.0
sim-grid-B-010,10,3533,3533,3533,3533,3533,60000,59.0,0.0
sim-grid-B-010,10,3533,3533,3533,3533,3533,60000,58.0,0.0
sim-grid-B-010,10,3533,3533,3533,3533,3533,60000,59.0,0.0
sim-grid-B-010,10,3533,3533,3533,3533,3533,60000,58.0,0.0
sim-grid-B-010,10,3533,3533,3533,3533,3533,60000,59.0,0.0
sim-grid-B-015,15,4235,4235,4260,4260,4260,100,102.0,1.0
sim-grid-B-015,15,4235,4235,4260,4260,4260,100,102.0,1.0
sim-grid-B-015,15,4235,4235,4260,4260,4260,100,102.0,1.0
sim-grid-B-015,15,4235,4235,4260,4260,4260,100,102.0,1.0
sim-grid-B-015,15,4235,4235,4260,4260,4260,100,99.0,0.0
sim-grid-B-015,15,4235,4235,4260,4260,4260,100,101.0,1.0
sim-grid-B-015,15,4235,4235,4260,4260,4260,100,93.0,0.0
sim-grid-B-015,15,4235,4235,4260,4260,4260,100,101.0,1.0
sim-grid-B-015,15,4235,4235,4260,4260,4260,100,101.0,1.0
sim-grid-B-015,15,4235,4235,4260,4260,4260,100,96.0,0.0
sim-grid-B-015,15,4235,4235,4260,4260,4260,100,101.0,1.0
sim-grid-B-015,15,4235,4235,4260,4260,4260,1000,106.0,0.0
sim-grid-B-015,15,4235,4235,4260,4260,4260,1000,88.0,0.0
sim-grid-B-015,15,4235,4235,4260,4260,4260,1000,100.0,0.0
sim-grid-B-015,15,4235,4235,4260,4260,4260,1000,128.0,0.0
sim-grid-B-015,15,4235,4235,4260,4260,4260,1000,99.0,0.0
sim-grid-B-015,15,4235,4235,4260,4260,4260,1000,155.0,0.0
sim-grid-B-015,15,4235,4235,4260,4260,4260,1000,162.0,0.0
sim-grid-B-015,15,4235,4235,4260,4260,4260,1000,112.0,0.0
sim-grid-B-015,15,4235,4235,4260,4260,4260,1000,113.0,0.0
sim-grid-B-015,15,4235,4235,4260,4260,4260,1000,133.0,0.0
sim-grid-B-015,15,4235,4235,4260,4260,4260,1000,92.0,0.0
sim-grid-B-015,15,4235,4235,4260,4260,4260,10000,110.0,0.0
sim-grid-B-015,15,4235,4235,4260,4260,4260,10000,121.0,0.0
sim-grid-B-015,15,4235,4235,4260,4260,4260,10000,129.0,0.0
sim-grid-B-015,15,4235,4235,4260,4260,4260,10000,91.0,0.0
sim-grid-B-015,15,4235,4235,4260,4260,4260,10000,110.0,0.0
sim-grid-B-015,15,4235,4235,4260,4260,4260,10000,126.0,0.0
sim-grid-B-015,15,4235,4235,4260,4260,4260,10000,98.0,0.0
sim-grid-B-015,15,4235,4235,4260,4260,4260,10000,129.0,0.0
sim-grid-B-015,15,4235,4235,4260,4260,4260,10000,122.0,0.0
sim-grid-B-015,15,4235,4235,4260,4260,4260,10000,99.0,0.0
sim-grid-B-015,15,4235,4235,4260,4260,4260,10000,100.0,0.0
sim-grid-B-015,15,4235,4235,4260,4260,4260,60000,99.0,0.0
sim-grid-B-015,15,4235,4235,4260,4260,4260,60000,121.0,0.0
sim-grid-B-015,15,4235,4235,4260,4260,4260,60000,100.0,0.0
sim-grid-B-015,15,4235,4235,4260,4260,4260,60000,156.0,0.0
sim-grid-B-015,15,4235,4235,4260,4260,4260,60000,155.0,0.0
sim-grid-B-015,15,4235,4235,4260,4260,4260,60000,117.0,0.0
sim-grid-B-015,15,4235,4235,4260,4260,4260,60000,134.0,0.0
sim-grid-B-015,15,4235,4235,4260,4260,4260,60000,131.0,0.0
sim-grid-B-015,15,4235,4235,4260,4260,4260,60000,115.0,0.0
sim-grid-B-015,15,4235,4235,4260,4260,4260,60000,107.0,0.0
sim-grid-B-015,15,4235,4235,4260,4260,4260,60000,94.0,0.0
sim-grid-B-020,20,4924,4924,4924,4924,4924,100,102.0,1.0
sim-grid-B-020,20,4924,4924,4924,4924,4924,100,102.0,1.0
sim-grid-B-020,20,4924,4924,4924,4924,4924,100,103.0,1.0
sim-grid-B-020,20,4924,4924,4924,4924,4924,100,102.0,1.0
sim-grid-B-020,20,4924,4924,4924,4924,4924,100,102.0,1.0
sim-grid-B-020,20,4924,4924,4924,4924,4924,100,102.0,1.0
sim-grid-B-020,20,4924,4924,4924,4924,4924,100,101.0,1.0
sim-grid-B-020,20,4924,4924,4924,4924,4924,100,103.0,1.0
sim-grid-B-020,20,4924,4924,4924,4924,4924,100,101.0,1.0
sim-grid-B-020,20,4924,4924,4924,4924,4924,100,103.0,1.0
sim-grid-B-020,20,4924,4924,4924,4924,4924,100,101.0,1.0
sim-grid-B-020,20,4924,4924,4924,4924,4924,1000,139.0,0.0
sim-grid-B-020,20,4924,4924,4924,4924,4924,1000,137.0,0.0
sim-grid-B-020,20,4924,4924,4924,4924,4924,1000,138.0,0.0
sim-grid-B-020,20,4924,4924,4924,4924,4924,1000,138.0,0.0
sim-grid-B-020,20,4924,4924,4924,4924,4924,1000,138.0,0.0
sim-grid-B-020,20,4924,4924,4924,4924,4924,1000,137.0,0.0
sim-grid-B-020,20,4924,4924,4924,4924,4924,1000,136.0,0.0
sim-grid-B-020,20,4924,4924,4924,4924,4924,1000,135.0,0.0
sim-grid-B-020,20,4924,4924,4924,4924,4924,1000,138.0,0.0
sim-grid-B-020,20,4924,4924,4924,4924,4924,1000,137.0,0.0
sim-grid-B-020,20,4924,4924,4924,4924,4924,1000,137.0,0.0
sim-grid-B-020,20,4924,4924,4924,4924,4924,10000,144.0,0.0
sim-grid-B-020,20,4924,4924,4924,4924,4924,10000,140.0,0.0
sim-grid-B-020,20,4924,4924,4924,4924,4924,10000,139.0,0.0
sim-grid-B-020,20,4924,4924,4924,4924,4924,10000,140.0,0.0
sim-grid-B-020,20,4924,4924,4924,4924,4924,10000,139.0,0.0
sim-grid-B-020,20,4924,4924,4924,4924,4924,10000,138.0,0.0
sim-grid-B-020,20,4924,4924,4924,4924,4924,10000,136.0,0.0
sim-grid-B-020,20,4924,4924,4924,4924,4924,10000,139.0,0.0
sim-grid-B-020,20,4924,4924,4924,4924,4924,10000,138.0,0.0
sim-grid-B-020,20,4924,4924,4924,4924,4924,10000,141.0,0.0
sim-grid-B-020,20,4924,4924,4924,4924,4924,10000,140.0,0.0
sim-grid-B-020,20,4924,4924,4924,4924,4924,60000,138.0,0.0
sim-grid-B-020,20,4924,4924,4924,4924,4924,60000,139.0,0.0
sim-grid-B-020,20,4924,4924,4924,4924,4924,60000,138.0,0.0
sim-grid-B-020,20,4924,4924,4924,4924,4924,60000,138.0,0.0
sim-grid-B-020,20,4924,4924,4924,4924,4924,60000,137.0,0.0
sim-grid-B-020,20,4924,4924,4924,4924,4924,60000,137.0,0.0
sim-grid-B-020,20,4924,4924,4924,4924,4924,60000,136.0,0.0
sim-grid-B-020,20,4924,4924,4924,4924,4924,60000,137.0,0.0
sim-grid-B-020,20,4924,4924,4924,4924,4924,60000,140.0,0.0
sim-grid-B-020,20,4924,4924,4924,4924,4924,60000,139.0,0.0
sim-grid-B-020,20,4924,4924,4924,4924,4924,60000,137.0,0.0
sim-grid-B-025,25,4935,4935,4935,4935,4935,100,104.0,1.0
sim-grid-B-025,25,4935,4935,4935,4935,4935,100,103.0,1.0
sim-grid-B-025,25,4935,4935,4935,4935,4935,100,103.0,1.0
sim-grid-B-025,25,4935,4935,4935,4935,4935,100,102.0,1.0
sim-grid-B-025,25,4935,4935,4935,4935,4935,100,102.0,1.0
sim-grid-B-025,25,4916,4916,4935,4935,4935,100,103.0,1.0
sim-grid-B-025,25,4935,4935,4935,4935,4935,100,103.0,1.0
sim-grid-B-025,25,4935,4935,4935,4935,4935,100,102.0,1.0
sim-grid-B-025,25,4916,4916,4935,4935,4935,100,104.0,1.0
sim-grid-B-025,25,4935,4935,4935,4935,4935,100,104.0,1.0
sim-grid-B-025,25,4935,4935,4935,4935,4935,100,102.0,1.0
sim-grid-B-025,25,4935,4935,4935,4935,4935,1000,176.0,0.0
sim-grid-B-025,25,4935,4935,4935,4935,4935,1000,174.0,0.0
sim-grid-B-025,25,4935,4935,4935,4935,4935,1000,180.0,0.0
sim-grid-B-025,25,4935,4935,4935,4935,4935,1000,176.0,0.0
sim-grid-B-025,25,4935,4935,4935,4935,4935,1000,174.0,0.0
sim-grid-B-025,25,4916,4916,4935,4935,4935,1000,196.0,0.0
sim-grid-B-025,25,4935,4935,4935,4935,4935,1000,173.0,0.0
sim-grid-B-025,25,4916,4916,4935,4935,4935,1000,286.0,0.0
sim-grid-B-025,25,4935,4935,4935,4935,4935,1000,176.0,0.0
sim-grid-B-025,25,4935,4935,4935,4935,4935,1000,181.0,0.0
sim-grid-B-025,25,4935,4935,4935,4935,4935,1000,177.0,0.0
sim-grid-B-025,25,4935,4935,4935,4935,4935,10000,180.0,0.0
sim-grid-B-025,25,4935,4935,4935,4935,4935,10000,175.0,0.0
sim-grid-B-025,25,4935,4935,4935,4935,4935,10000,175.0,0.0
sim-grid-B-025,25,4935,4935,4935,4935,4935,10000,175.0,0.0
sim-grid-B-025,25,4935,4935,4935,4935,4935,10000,178.0,0.0
sim-grid-B-025,25,4935,4935,4935,4935,4935,10000,175.0,0.0
sim-grid-B-025,25,4935,4935,4935,4935,4935,10000,174.0,0.0
sim-grid-B-025,25,4935,4935,4935,4935,4935,10000,176.0,0.0
sim-grid-B-025,25,4916,4916,4935,4935,4935,10000,238.0,0.0
sim-grid-B-025,25,4935,4935,4935,4935,4935,10000,175.0,0.0
sim-grid-B-025,25,4935,4935,4935,4935,4935,10000,176.0,0.0
sim-grid-B-025,25,4916,4916,4935,4935,4935,60000,228.0,0.0
sim-grid-B-025,25,4935,4935,4935,4935,4935,60000,174.0,0.0
sim-grid-B-025,25,4916,4916,4935,4935,4935,60000,232.0,0.0
sim-grid-B-025,25,4935,4935,4935,4935,4935,60000,175.0,0.0
sim-grid-B-025,25,4935,4935,4935,4935,4935,60000,176.0,0.0
sim-grid-B-025,25,4935,4935,4935,4935,4935,60000,173.0,0.0
sim-grid-B-025,25,4916,4916,4935,4935,4935,60000,235.0,0.0
sim-grid-B-025,25,4935,4935,4935,4935,4935,60000,176.0,0.0
sim-grid-B-025,25,4935,4935,4935,4935,4935,60000,178.0,0.0
sim-grid-B-025,25,4935,4935,4935,4935,4935,60000,177.0,0.0
sim-grid-B-025,25,4935,4935,4935,4935,4935,60000,175.0,0.0
sim-grid-B-030,30,5115,5115,5115,5115,5115,100,102.0,1.0
sim-grid-B-030,30,5115,5115,5115,5115,5115,100,103.0,1.0
sim-grid-B-030,30,5115,5115,5115,5115,5115,100,103.0,1.0
sim-grid-B-030,30,5115,5115,5115,5115,5115,100,103.0,1.0
sim-grid-B-030,30,5115,5115,5115,5115,5115,100,104.0,1.0
sim-grid-B-030,30,5115,5115,5115,5115,5115,100,102.0,1.0
sim-grid-B-030,30,5115,5115,5115,5115,5115,100,103.0,1.0
sim-grid-B-030,30,5115,5115,5115,5115,5115,100,104.0,1.0
sim-grid-B-030,30,5115,5115,5115,5115,5115,100,103.0,1.0
sim-grid-B-030,30,5115,5115,5115,5115,5115,100,104.0,1.0
sim-grid-B-030,30,5115,5115,5115,5115,5115,100,102.0,1.0
sim-grid-B-030,30,5115,5115,5115,5115,5115,1000,219.0,0.0
sim-grid-B-030,30,5115,5115,5115,5115,5115,1000,220.0,0.0
sim-grid-B-030,30,5115,5115,5115,5115,5115,1000,216.0,0.0
sim-grid-B-030,30,5115,5115,5115,5115,5115,1000,215.0,0.0
sim-grid-B-030,30,5115,5115,5115,5115,5115,1000,225.0,0.0
sim-grid-B-030,30,5115,5115,5115,5115,5115,1000,214.0,0.0
sim-grid-B-030,30,5115,5115,5115,5115,5115,1000,217.0,0.0
sim-grid-B-030,30,5115,5115,5115,5115,5115,1000,214.0,0.0
sim-grid-B-030,30,5115,5115,5115,5115,5115,1000,214.0,0.0
sim-grid-B-030,30,5115,5115,5115,5115,5115,1000,217.0,0.0
sim-grid-B-030,30,5115,5115,5115,5115,5115,1000,217.0,0.0
sim-grid-B-030,30,5115,5115,5115,5115,5115,10000,216.0,0.0
sim-grid-B-030,30,5115,5115,5115,5115,5115,10000,218.0,0.0
sim-grid-B-030,30,5115,5115,5115,5115,5115,10000,213.0,0.0
sim-grid-B-030,30,5115,5115,5115,5115,5115,10000,214.0,0.0
sim-grid-B-030,30,5115,5115,5115,5115,5115,10000,215.0,0.0
sim-grid-B-030,30,5115,5115,5115,5115,5115,10000,217.0,0.0
sim-grid-B-030,30,5115,5115,5115,5115,5115,10000,218.0,0.0
sim-grid-B-030,30,5115,5115,5115,5115,5115,10000,216.0,0.0
sim-grid-B-030,30,5115,5115,5115,5115,5115,10000,216.0,0.0
sim-grid-B-030,30,5115,5115,5115,5115,5115,10000,215.0,0.0
sim-grid-B-030,30,5115,5115,5115,5115,5115,10000,218.0,0.0
sim-grid-B-030,30,5115,5115,5115,5115,5115,60000,215.0,0.0
sim-grid-B-030,30,5115,5115,5115,5115,5115,60000,217.0,0.0
sim-grid-B-030,30,5115,5115,5115,5115,5115,60000,211.0,0.0
sim-grid-B-030,30,5115,5115,5115,5115,5115,60000,218.0,0.0
sim-grid-B-030,30,5115,5115,5115,5115,5115,60000,216.0,0.0
sim-grid-B-030,30,5115,5115,5115,5115,5115,60000,219.0,0.0
sim-grid-B-030,30,5115,5115,5115,5115,5115,60000,213.0,0.0
sim-grid-B-030,30,5115,5115,5115,5115,5115,60000,217.0,0.0
sim-grid-B-030,30,5115,5115,5115,5115,5115,60000,218.0,0.0
sim-grid-B-030,30,5115,5115,5115,5115,5115,60000,214.0,0.0
sim-grid-B-030,30,5115,5115,5115,5115,5115,60000,217.0,0.0
sim-grid-B-035,35,7021,7021,7067,7067,7067,100,104.0,1.0
sim-grid-B-035,35,7021,7021,7067,7067,7067,100,104.0,1.0
sim-grid-B-035,35,7021,7021,7067,7067,7067,100,103.0,1.0
sim-grid-B-035,35,7067,7067,7067,7067,7067,100,102.0,1.0
sim-grid-B-035,35,7032,7032,7067,7067,7067,100,104.0,1.0
sim-grid-B-035,35,7067,7067,7067,7067,7067,100,105.0,1.0
sim-grid-B-035,35,7032,7032,7067,7067,7067,100,102.0,1.0
sim-grid-B-035,35,7021,7021,7067,7067,7067,100,103.0,1.0
sim-grid-B-035,35,7032,7032,7067,7067,7067,100,104.0,1.0
sim-grid-B-035,35,7032,7032,7067,7067,7067,100,104.0,1.0
sim-grid-B-035,35,7032,7032,7067,7067,7067,100,103.0,1.0
sim-grid-B-035,35,7021,7021,7067,7067,7067,1000,512.0,0.0
sim-grid-B-035,35,7021,7021,7067,7067,7067,1000,326.0,0.0
sim-grid-B-035,35,7021,7021,7067,7067,7067,1000,336.0,0.0
sim-grid-B-035,35,7018,7018,7067,7067,7067,1000,509.0,0.0
sim-grid-B-035,35,7018,7018,7067,7067,7067,1000,541.0,0.0
sim-grid-B-035,35,7021,7021,7067,7067,7067,1000,385.0,0.0
sim-grid-B-035,35,7021,7021,7067,7067,7067,1000,456.0,0.0
sim-grid-B-035,35,7021,7021,7067,7067,7067,1000,591.0,0.0
sim-grid-B-035,35,7021,7021,7067,7067,7067,1000,359.0,0.0
sim-grid-B-035,35,7021,7021,7067,7067,7067,1000,437.0,0.0
sim-grid-B-035,35,7021,7021,7067,7067,7067,1000,528.0,0.0
sim-grid-B-035,35,7032,7032,7067,7067,7067,10000,304.0,0.0
sim-grid-B-035,35,7021,7021,7067,7067,7067,10000,328.0,0.0
sim-grid-B-035,35,7021,7021,7067,7067,7067,10000,279.0,0.0
sim-grid-B-035,35,7032,7032,7067,7067,7067,10000,325.0,0.0
sim-grid-B-035,35,7021,7021,7067,7067,7067,10000,425.0,0.0
sim-grid-B-035,35,7021,7021,7067,7067,7067,10000,455.0,0.0
sim-grid-B-035,35,7021,7021,7067,7067,7067,10000,362.0,0.0
sim-grid-B-035,35,7021,7021,7067,7067,7067,10000,570.0,0.0
sim-grid-B-035,35,7021,7021,7067,7067,7067,10000,309.0,0.0
sim-grid-B-035,35,6969,6969,7067,7067,7067,10000,598.0,0.0
sim-grid-B-035,35,7021,7021,7067,7067,7067,10000,366.0,0.0
sim-grid-B-035,35,7021,7021,7067,7067,7067,60000,343.0,0.0
sim-grid-B-035,35,7021,7021,7067,7067,7067,60000,424.0,0.0
sim-grid-B-035,35,7021,7021,7067,7067,7067,60000,340.0,0.0
sim-grid-B-035,35,7021,7021,7067,7067,7067,60000,389.0,0.0
sim-grid-B-035,35,7021,7021,7067,7067,7067,60000,327.0,0.0
sim-grid-B-035,35,7032,7032,7067,7067,7067,60000,345.0,0.0
sim-grid-B-035,35,7032,7032,7067,7067,7067,60000,395.0,0.0
sim-grid-B-035,35,7021,7021,7067,7067,7067,60000,305.0,0.0
sim-grid-B-035,35,7021,7021,7067,7067,7067,60000,367.0,0.0
sim-grid-B-035,35,7021,7021,7067,7067,7067,60000,434.0,0.0
sim-grid-B-035,35,7021,7021,7067,7067,7067,60000,333.0,0.0
sim-grid-B-040,40,5896,5896,5908,5908,5908,100,104.0,1.0
sim-grid-B-040,40,5896,5896,5908,5908,5908,100,105.0,1.0
sim-grid-B-040,40,5896,5896,5908,5908,5908,100,103.0,1.0
sim-grid-B-040,40,5896,5896,5908,5908,5908,100,105.0,1.0
sim-grid-B-040,40,5896,5896,5908,5908,5908,100,105.0,1.0
sim-grid-B-040,40,5896,5896,5908,5908,5908,100,104.0,1.0
sim-grid-B-040,40,5896,5896,5908,5908,5908,100,105.0,1.0
sim-grid-B-040,40,5908,5908,5908,5908,5908,100,104.0,1.0
sim-grid-B-040,40,5896,5896,5908,5908,5908,100,104.0,1.0
sim-grid-B-040,40,5896,5896,5908,5908,5908,100,103.0,1.0
sim-grid-B-040,40,5908,5908,5908,5908,5908,100,103.0,1.0
sim-grid-B-040,40,5896,5896,5908,5908,5908,1000,397.0,0.0
sim-grid-B-040,40,5896,5896,5908,5908,5908,1000,369.0,0.0
sim-grid-B-040,40,5896,5896,5908,5908,5908,1000,338.0,0.0
sim-grid-B-040,40,5896,5896,5908,5908,5908,1000,627.0,0.0
sim-grid-B-040,40,5896,5896,5908,5908,5908,1000,417.0,0.0
sim-grid-B-040,40,5896,5896,5908,5908,5908,1000,331.0,0.0
sim-grid-B-040,40,5896,5896,5908,5908,5908,1000,516.0,0.0
sim-grid-B-040,40,5896,5896,5908,5908,5908,1000,367.0,0.0
sim-grid-B-040,40,5896,5896,5908,5908,5908,1000,335.0,0.0
sim-grid-B-040,40,5908,5908,5908,5908,5908,1000,330.0,0.0
sim-grid-B-040,40,5896,5896,5908,5908,5908,1000,369.0,0.0
sim-grid-B-040,40,5896,5896,5908,5908,5908,10000,390.0,0.0
sim-grid-B-040,40,5896,5896,5908,5908,5908,10000,465.0,0.0
sim-grid-B-040,40,5896,5896,5908,5908,5908,10000,365.0,0.0
sim-grid-B-040,40,5896,5896,5908,5908,5908,10000,468.0,0.0
sim-grid-B-040,40,5896,5896,5908,5908,5908,10000,409.0,0.0
sim-grid-B-040,40,5896,5896,5908,5908,5908,10000,363.0,0.0
sim-grid-B-040,40,5896,5896,5908,5908,5908,10000,375.0,0.0
sim-grid-B-040,40,5896,5896,5908,5908,5908,10000,377.0,0.0
sim-grid-B-040,40,5896,5896,5908,5908,5908,10000,402.0,0.0
sim-grid-B-040,40,5896,5896,5908,5908,5908,10000,337.0,0.0
sim-grid-B-040,40,5896,5896,5908,5908,5908,10000,428.0,0.0
sim-grid-B-040,40,5896,5896,5908,5908,5908,60000,388.0,0.0
sim-grid-B-040,40,5896,5896,5908,5908,5908,60000,478.0,0.0
sim-grid-B-040,40,5896,5896,5908,5908,5908,60000,348.0,0.0
sim-grid-B-040,40,5896,5896,5908,5908,5908,60000,338.0,0.0
sim-grid-B-040,40,5896,5896,5908,5908,5908,60000,487.0,0.0
sim-grid-B-040,40,5896,5896,5908,5908,5908,60000,329.0,0.0
sim-grid-B-040,40,5896,5896,5908,5908,5908,60000,406.0,0.0
sim-grid-B-040,40,5896,5896,5908,5908,5908,60000,374.0,0.0
sim-grid-B-040,40,5896,5896,5908,5908,5908,60000,345.0,0.0
sim-grid-B-040,40,5896,5896,5908,5908,5908,60000,553.0,0.0
sim-grid-B-040,40,5896,5896,5908,5908,5908,60000,340.0,0.0
sim-grid-B-045,45,6855,6855,6861,6861,6861,100,103.0,1.0
sim-grid-B-045,45,6815,6815,6861,6861,6861,100,103.0,1.0
sim-grid-B-045,45,6855,6855,6861,6861,6861,100,104.0,1.0
sim-grid-B-045,45,6855,6855,6861,6861,6861,100,104.0,1.0
sim-grid-B-045,45,6855,6855,6861,6861,6861,100,103.0,1.0
sim-grid-B-045,45,6855,6855,6861,6861,6861,100,104.0,1.0
sim-grid-B-045,45,6855,6855,6861,6861,6861,100,104.0,1.0
sim-grid-B-045,45,6855,6855,6861,6861,6861,100,103.0,1.0
sim-grid-B-045,45,6855,6855,6861,6861,6861,100,104.0,1.0
sim-grid-B-045,45,6855,6855,6861,6861,6861,100,104.0,1.0
sim-grid-B-045,45,6855,6855,6861,6861,6861,100,105.0,1.0
sim-grid-B-045,45,6815,6815,6861,6861,6861,1000,404.0,0.0
sim-grid-B-045,45,6855,6855,6861,6861,6861,1000,370.0,0.0
sim-grid-B-045,45,6815,6815,6861,6861,6861,1000,619.0,0.0
sim-grid-B-045,45,6815,6815,6861,6861,6861,1000,700.0,0.0
sim-grid-B-045,45,6751,6751,6861,6861,6861,1000,632.0,0.0
sim-grid-B-045,45,6815,6815,6861,6861,6861,1000,571.0,0.0
sim-grid-B-045,45,6703,6703,6861,6861,6861,1000,797.0,0.0
sim-grid-B-045,45,6802,6802,6861,6861,6861,1000,459.0,0.0
sim-grid-B-045,45,6703,6703,6861,6861,6861,1000,765.0,0.0
sim-grid-B-045,45,6815,6815,6861,6861,6861,1000,408.0,0.0
sim-grid-B-045,45,6855,6855,6861,6861,6861,1000,360.0,0.0
sim-grid-B-045,45,6815,6815,6861,6861,6861,10000,565.0,0.0
sim-grid-B-045,45,6815,6815,6861,6861,6861,10000,520.0,0.0
sim-grid-B-045,45,6815,6815,6861,6861,6861,10000,363.0,0.0
sim-grid-B-045,45,6815,6815,6861,6861,6861,10000,398.0,0.0
sim-grid-B-045,45,6815,6815,6861,6861,6861,10000,391.0,0.0
sim-grid-B-045,45,6855,6855,6861,6861,6861,10000,355.0,0.0
sim-grid-B-045,45,6855,6855,6861,6861,6861,10000,353.0,0.0
sim-grid-B-045,45,6815,6815,6861,6861,6861,10000,400.0,0.0
sim-grid-B-045,45,6703,6703,6861,6861,6861,10000,792.0,0.0
sim-grid-B-045,45,6855,6855,6861,6861,6861,10000,356.0,0.0
sim-grid-B-045,45,6815,6815,6861,6861,6861,10000,361.0,0.0
sim-grid-B-045,45,6743,6743,6861,6861,6861,60000,607.0,0.0
sim-grid-B-045,45,6703,6703,6861,6861,6861,60000,446.0,0.0
sim-grid-B-045,45,6703,6703,6861,6861,6861,60000,809.0,0.0
sim-grid-B-045,45,6751,6751,6861,6861,6861,60000,725.0,0.0
sim-grid-B-045,45,6815,6815,6861,6861,6861,60000,400.0,0.0
sim-grid-B-045,45,6815,6815,6861,6861,6861,60000,481.0,0.0
sim-grid-B-045,45,6815,6815,6861,6861,6861,60000,404.0,0.0
sim-grid-B-045,45,6855,6855,6861,6861,6861,60000,356.0,0.0
sim-grid-B-045,45,6815,6815,6861,6861,6861,60000,619.0,0.0
sim-grid-B-045,45,6815,6815,6861,6861,6861,60000,380.0,0.0
sim-grid-B-045,45,6855,6855,6861,6861,6861,60000,355.0,0.0
sim-grid-B-050,50,6670,6670,6670,6670,6670,100,105.0,1.0
sim-grid-B-050,50,6668,6668,6670,6670,6670,100,106.0,1.0
sim-grid-B-050,50,6668,6668,6670,6670,6670,100,105.0,1.0
sim-grid-B-050,50,6670,6670,6670,6670,6670,100,104.0,1.0
sim-grid-B-050,50,6670,6670,6670,6670,6670,100,103.0,1.0
sim-grid-B-050,50,6670,6670,6670,6670,6670,100,104.0,1.0
sim-grid-B-050,50,6670,6670,6670,6670,6670,100,105.0,1.0
sim-grid-B-050,50,6668,6668,6670,6670,6670,100,105.0,1.0
sim-grid-B-050,50,6670,6670,6670,6670,6670,100,105.0,1.0
sim-grid-B-050,50,6670,6670,6670,6670,6670,100,105.0,1.0
sim-grid-B-050,50,6670,6670,6670,6670,6670,100,106.0,1.0
sim-grid-B-050,50,6668,6668,6670,6670,6670,1000,635.0,0.0
sim-grid-B-050,50,6670,6670,6670,6670,6670,1000,412.0,0.0
sim-grid-B-050,50,6668,6668,6670,6670,6670,1000,652.0,0.0
sim-grid-B-050,50,6668,6668,6670,6670,6670,1000,487.0,0.0
sim-grid-B-050,50,6551,6551,6670,6670,6670,1000,700.0,0.0
sim-grid-B-050,50,6668,6668,6670,6670,6670,1000,521.0,0.0
sim-grid-B-050,50,6668,6668,6670,6670,6670,1000,830.0,0.0
sim-grid-B-050,50,6668,6668,6670,6670,6670,1000,597.0,0.0
sim-grid-B-050,50,6551,6551,6670,6670,6670,1000,558.0,0.0
sim-grid-B-050,50,6668,6668,6670,6670,6670,1000,605.0,0.0
sim-grid-B-050,50,6670,6670,6670,6670,6670,1000,423.0,0.0
sim-grid-B-050,50,6668,6668,6670,6670,6670,10000,723.0,0.0
sim-grid-B-050,50,6668,6668,6670,6670,6670,10000,706.0,0.0
sim-grid-B-050,50,6668,6668,6670,6670,6670,10000,768.0,0.0
sim-grid-B-050,50,6670,6670,6670,6670,6670,10000,415.0,0.0
sim-grid-B-050,50,6670,6670,6670,6670,6670,10000,422.0,0.0
sim-grid-B-050,50,6670,6670,6670,6670,6670,10000,415.0,0.0
sim-grid-B-050,50,6670,6670,6670,6670,6670,10000,417.0,0.0
sim-grid-B-050,50,6670,6670,6670,6670,6670,10000,417.0,0.0
sim-grid-B-050,50,6668,6668,6670,6670,6670,10000,499.0,0.0
sim-grid-B-050,50,6670,6670,6670,6670,6670,10000,415.0,0.0
sim-grid-B-050,50,6668,6668,6670,6670,6670,10000,680.0,0.0
sim-grid-B-050,50,6668,6668,6670,6670,6670,60000,722.0,0.0
sim-grid-B-050,50,6668,6668,6670,6670,6670,60000,594.0,0.0
sim-grid-B-050,50,6668,6668,6670,6670,6670,60000,557.0,0.0
sim-grid-B-050,50,6670,6670,6670,6670,6670,60000,415.0,0.0
sim-grid-B-050,50,6668,6668,6670,6670,6670,60000,588.0,0.0
sim-grid-B-050,50,6668,6668,6670,6670,6670,60000,549.0,0.0
sim-grid-B-050,50,6670,6670,6670,6670,6670,60000,419.0,0.0
sim-grid-B-050,50,6670,6670,6670,6670,6670,60000,421.0,0.0
sim-grid-B-050,50,6668,6668,6670,6670,6670,60000,601.0,0.0
sim-grid-B-050,50,6668,6668,6670,6670,6670,60000,535.0,0.0
sim-grid-B-050,50,6670,6670,6670,6670,6670,60000,426.0,0.0
sim-grid-B-055,55,6888,6888,7096,7096,7096,100,106.0,1.0
sim-grid-B-055,55,6888,6888,7096,7096,7096,100,105.0,1.0
sim-grid-B-055,55,6888,6888,7096,7096,7096,100,105.0,1.0
sim-grid-B-055,55,6888,6888,7096,7096,7096,100,104.0,1.0
sim-grid-B-055,55,6888,6888,7096,7096,7096,100,104.0,1.0
sim-grid-B-055,55,6888,6888,7096,7096,7096,100,104.0,1.0
sim-grid-B-055,55,7068,7068,7096,7096,7096,100,107.0,1.0
sim-grid-B-055,55,6888,6888,7096,7096,7096,100,105.0,1.0
sim-grid-B-055,55,6888,6888,7096,7096,7096,100,107.0,1.0
sim-grid-B-055,55,7096,7096,7096,7096,7096,100,104.0,1.0
sim-grid-B-055,55,6888,6888,7096,7096,7096,100,104.0,1.0
sim-grid-B-055,55,6888,6888,7096,7096,7096,1000,496.0,0.0
sim-grid-B-055,55,6888,6888,7096,7096,7096,1000,480.0,0.0
sim-grid-B-055,55,7050,7050,7096,7096,7096,1000,505.0,0.0
sim-grid-B-055,55,6888,6888,7096,7096,7096,1000,467.0,0.0
sim-grid-B-055,55,6888,6888,7096,7096,7096,1000,787.0,0.0
sim-grid-B-055,55,6888,6888,7096,7096,7096,1000,515.0,0.0
sim-grid-B-055,55,7050,7050,7096,7096,7096,1000,509.0,0.0
sim-grid-B-055,55,6888,6888,7096,7096,7096,1000,480.0,0.0
sim-grid-B-055,55,6888,6888,7096,7096,7096,1000,483.0,0.0
sim-grid-B-055,55,6888,6888,7096,7096,7096,1000,555.0,0.0
sim-grid-B-055,55,6888,6888,7096,7096,7096,1000,595.0,0.0
sim-grid-B-055,55,6888,6888,7096,7096,7096,10000,598.0,0.0
sim-grid-B-055,55,6888,6888,7096,7096,7096,10000,652.0,0.0
sim-grid-B-055,55,6888,6888,7096,7096,7096,10000,522.0,0.0
sim-grid-B-055,55,6888,6888,7096,7096,7096,10000,613.0,0.0
sim-grid-B-055,55,7050,7050,7096,7096,7096,10000,498.0,0.0
sim-grid-B-055,55,6888,6888,7096,7096,7096,10000,508.0,0.0
sim-grid-B-055,55,6888,6888,7096,7096,7096,10000,501.0,0.0
sim-grid-B-055,55,6888,6888,7096,7096,7096,10000,455.0,0.0
sim-grid-B-055,55,7000,7000,7096,7096,7096,10000,881.0,0.0
sim-grid-B-055,55,6888,6888,7096,7096,7096,10000,586.0,0.0
sim-grid-B-055,55,6888,6888,7096,7096,7096,10000,465.0,0.0
sim-grid-B-055,55,7050,7050,7096,7096,7096,60000,462.0,0.0
sim-grid-B-055,55,7050,7050,7096,7096,7096,60000,514.0,0.0
sim-grid-B-055,55,6888,6888,7096,7096,7096,60000,743.0,0.0
sim-grid-B-055,55,6888,6888,7096,7096,7096,60000,519.0,0.0
sim-grid-B-055,55,6888,6888,7096,7096,7096,60000,481.0,0.0
sim-grid-B-055,55,6888,6888,7096,7096,7096,60000,453.0,0.0
sim-grid-B-055,55,6888,6888,7096,7096,7096,60000,466.0,0.0
sim-grid-B-055,55,6888,6888,7096,7096,7096,60000,507.0,0.0
sim-grid-B-055,55,7050,7050,7096,7096,7096,60000,483.0,0.0
sim-grid-B-055,55,7050,7050,7096,7096,7096,60000,515.0,0.0
sim-grid-B-055,55,6888,6888,7096,7096,7096,60000,471.0,0.0
sim-grid-B-060,60,7228,7228,7228,7228,7228,100,104.0,1.0
sim-grid-B-060,60,7228,7228,7228,7228,7228,100,104.0,1.0
sim-grid-B-060,60,7228,7228,7228,7228,7228,100,104.0,1.0
sim-grid-B-060,60,7228,7228,7228,7228,7228,100,107.0,1.0
sim-grid-B-060,60,7228,7228,7228,7228,7228,100,106.0,1.0
sim-grid-B-060,60,7228,7228,7228,7228,7228,100,105.0,1.0
sim-grid-B-060,60,7228,7228,7228,7228,7228,100,107.0,1.0
sim-grid-B-060,60,7228,7228,7228,7228,7228,100,107.0,1.0
sim-grid-B-060,60,7228,7228,7228,7228,7228,100,106.0,1.0
sim-grid-B-060,60,7228,7228,7228,7228,7228,100,105.0,1.0
sim-grid-B-060,60,7228,7228,7228,7228,7228,100,104.0,1.0
sim-grid-B-060,60,7228,7228,7228,7228,7228,1000,526.0,0.0
sim-grid-B-060,60,7228,7228,7228,7228,7228,1000,520.0,0.0
sim-grid-B-060,60,7228,7228,7228,7228,7228,1000,518.0,0.0
sim-grid-B-060,60,7228,7228,7228,7228,7228,1000,527.0,0.0
sim-grid-B-060,60,7228,7228,7228,7228,7228,1000,526.0,0.0
sim-grid-B-060,60,7228,7228,7228,7228,7228,1000,533.0,0.0
sim-grid-B-060,60,7228,7228,7228,7228,7228,1000,526.0,0.0
sim-grid-B-060,60,7228,7228,7228,7228,7228,1000,513.0,0.0
sim-grid-B-060,60,7228,7228,7228,7228,7228,1000,527.0,0.0
sim-grid-B-060,60,7228,7228,7228,7228,7228,1000,520.0,0.0
sim-grid-B-060,60,7228,7228,7228,7228,7228,1000,524.0,0.0
sim-grid-B-060,60,7228,7228,7228,7228,7228,10000,528.0,0.0
sim-grid-B-060,60,7228,7228,7228,7228,7228,10000,523.0,0.0
sim-grid-B-060,60,7228,7228,7228,7228,7228,10000,525.0,0.0
sim-grid-B-060,60,7228,7228,7228,7228,7228,10000,518.0,0.0
sim-grid-B-060,60,7228,7228,7228,7228,7228,10000,527.0,0.0
sim-grid-B-060,60,7228,7228,7228,7228,7228,10000,532.0,0.0
sim-grid-B-060,60,7228,7228,7228,7228,7228,10000,520.0,0.0
sim-grid-B-060,60,7228,7228,7228,7228,7228,10000,533.0,0.0
sim-grid-B-060,60,7228,7228,7228,7228,7228,10000,524.0,0.0
sim-grid-B-060,60,7228,7228,7228,7228,7228,10000,530.0,0.0
sim-grid-B-060,60,7228,7228,7228,7228,7228,10000,519.0,0.0
sim-grid-B-060,60,7228,7228,7228,7228,7228,60000,533.0,0.0
sim-grid-B-060,60,7228,7228,7228,7228,7228,60000,522.0,0.0
sim-grid-B-060,60,7228,7228,7228,7228,7228,60000,532.0,0.0
sim-grid-B-060,60,7228,7228,7228,7228,7228,60000,518.0,0.0
sim-grid-B-060,60,7228,7228,7228,7228,7228,60000,527.0,0.0
sim-grid-B-060,60,7228,7228,7228,7228,7228,60000,521.0,0.0
sim-grid-B-060,60,7228,7228,7228,7228,7228,60000,517.0,0.0
sim-grid-B-060,60,7228,7228,7228,7228,7228,60000,533.0,0.0
sim-grid-B-060,60,7228,7228,7228,7228,7228,60000,537.0,0.0
sim-grid-B-060,60,7228,7228,7228,7228,7228,60000,524.0,0.0
sim-grid-B-060,60,7228,7228,7228,7228,7228,60000,529.0,0.0
sim-grid-B-065,65,7696,7696,7709,7709,7709,100,106.0,1.0
sim-grid-B-065,65,7696,7696,7709,7709,7709,100,105.0,1.0
sim-grid-B-065,65,7696,7696,7709,7709,7709,100,108.0,1.0
sim-grid-B-065,65,7696,7696,7709,7709,7709,100,108.0,1.0
sim-grid-B-065,65,7696,7696,7709,7709,7709,100,106.0,1.0
sim-grid-B-065,65,7696,7696,7709,7709,7709,100,106.0,1.0
sim-grid-B-065,65,7696,7696,7709,7709,7709,100,107.0,1.0
sim-grid-B-065,65,7696,7696,7709,7709,7709,100,106.0,1.0
sim-grid-B-065,65,7696,7696,7709,7709,7709,100,107.0,1.0
sim-grid-B-065,65,7696,7696,7709,7709,7709,100,108.0,1.0
sim-grid-B-065,65,7696,7696,7709,7709,7709,100,108.0,1.0
sim-grid-B-065,65,7696,7696,7709,7709,7709,1000,557.0,0.0
sim-grid-B-065,65,7696,7696,7709,7709,7709,1000,555.0,0.0
sim-grid-B-065,65,7696,7696,7709,7709,7709,1000,558.0,0.0
sim-grid-B-065,65,7696,7696,7709,7709,7709,1000,559.0,0.0
sim-grid-B-065,65,7696,7696,7709,7709,7709,1000,558.0,0.0
sim-grid-B-065,65,7696,7696,7709,7709,7709,1000,553.0,0.0
sim-grid-B-065,65,7696,7696,7709,7709,7709,1000,567.0,0.0
sim-grid-B-065,65,7696,7696,7709,7709,7709,1000,558.0,0.0
sim-grid-B-065,65,7696,7696,7709,7709,7709,1000,565.0,0.0
sim-grid-B-065,65,7696,7696,7709,7709,7709,1000,556.0,0.0
sim-grid-B-065,65,7696,7696,7709,7709,7709,1000,557.0,0.0
sim-grid-B-065,65,7696,7696,7709,7709,7709,10000,562.0,0.0
sim-grid-B-065,65,7696,7696,7709,7709,7709,10000,558.0,0.0
sim-grid-B-065,65,7696,7696,7709,7709,7709,10000,561.0,0.0
sim-grid-B-065,65,7696,7696,7709,7709,7709,10000,558.0,0.0
sim-grid-B-065,65,7696,7696,7709,7709,7709,10000,555.0,0.0
sim-grid-B-065,65,7666,7666,7709,7709,7709,10000,641.0,0.0
sim-grid-B-065,65,7696,7696,7709,7709,7709,10000,553.0,0.0
sim-grid-B-065,65,7696,7696,7709,7709,7709,10000,554.0,0.0
sim-grid-B-065,65,7666,7666,7709,7709,7709,10000,597.0,0.0
sim-grid-B-065,65,7696,7696,7709,7709,7709,10000,563.0,0.0
sim-grid-B-065,65,7696,7696,7709,7709,7709,10000,552.0,0.0
sim-grid-B-065,65,7696,7696,7709,7709,7709,60000,552.0,0.0
sim-grid-B-065,65,7696,7696,7709,7709,7709,60000,556.0,0.0
sim-grid-B-065,65,7696,7696,7709,7709,7709,60000,559.0,0.0
sim-grid-B-065,65,7696,7696,7709,7709,7709,60000,558.0,0.0
sim-grid-B-065,65,7696,7696,7709,7709,7709,60000,575.0,0.0
sim-grid-B-065,65,7696,7696,7709,7709,7709,60000,562.0,0.0
sim-grid-B-065,65,7666,7666,7709,7709,7709,60000,1005.0,0.0
sim-grid-B-065,65,7666,7666,7709,7709,7709,60000,1056.0,0.0
sim-grid-B-065,65,7696,7696,7709,7709,7709,60000,573.0,0.0
sim-grid-B-065,65,7666,7666,7709,7709,7709,60000,823.0,0.0
sim-grid-B-065,65,7666,7666,7709,7709,7709,60000,656.0,0.0
sim-grid-B-070,70,8196,8196,8196,8196,8196,100,107.0,1.0
sim-grid-B-070,70,8196,8196,8196,8196,8196,100,105.0,1.0
sim-grid-B-070,70,8146,8146,8196,8196,8196,100,108.0,1.0
sim-grid-B-070,70,8196,8196,8196,8196,8196,100,105.0,1.0
sim-grid-B-070,70,8146,8146,8196,8196,8196,100,107.0,1.0
sim-grid-B-070,70,8182,8182,8196,8196,8196,100,105.0,1.0
sim-grid-B-070,70,8182,8182,8196,8196,8196,100,107.0,1.0
sim-grid-B-070,70,8196,8196,8196,8196,8196,100,106.0,1.0
sim-grid-B-070,70,8196,8196,8196,8196,8196,100,107.0,1.0
sim-grid-B-070,70,8196,8196,8196,8196,8196,100,106.0,1.0
sim-grid-B-070,70,8182,8182,8196,8196,8196,100,106.0,1.0
sim-grid-B-070,70,8146,8146,8196,8196,8196,1000,635.0,0.0
sim-grid-B-070,70,8146,8146,8196,8196,8196,1000,720.0,0.0
sim-grid-B-070,70,8146,8146,8196,8196,8196,1000,646.0,0.0
sim-grid-B-070,70,8146,8146,8196,8196,8196,1000,944.0,0.0
sim-grid-B-070,70,8191,8191,8196,8196,8196,1000,807.0,0.0
sim-grid-B-070,70,8146,8146,8196,8196,8196,1000,626.0,0.0
sim-grid-B-070,70,8146,8146,8196,8196,8196,1000,616.0,0.0
sim-grid-B-070,70,8146,8146,8196,8196,8196,1000,1007.0,1.0
sim-grid-B-070,70,8146,8146,8196,8196,8196,1000,785.0,0.0
sim-grid-B-070,70,8146,8146,8196,8196,8196,1000,699.0,0.0
sim-grid-B-070,70,8150,8150,8196,8196,8196,1000,1008.0,1.0
sim-grid-B-070,70,8146,8146,8196,8196,8196,10000,712.0,0.0
sim-grid-B-070,70,8155,8155,8196,8196,8196,10000,1164.0,0.0
sim-grid-B-070,70,8146,8146,8196,8196,8196,10000,809.0,0.0
sim-grid-B-070,70,8113,8113,8196,8196,8196,10000,1228.0,0.0
sim-grid-B-070,70,8146,8146,8196,8196,8196,10000,1027.0,0.0
sim-grid-B-070,70,8146,8146,8196,8196,8196,10000,693.0,0.0
sim-grid-B-070,70,8146,8146,8196,8196,8196,10000,627.0,0.0
sim-grid-B-070,70,8146,8146,8196,8196,8196,10000,737.0,0.0
sim-grid-B-070,70,8146,8146,8196,8196,8196,10000,852.0,0.0
sim-grid-B-070,70,8146,8146,8196,8196,8196,10000,593.0,0.0
sim-grid-B-070,70,8184,8184,8196,8196,8196,10000,639.0,0.0
sim-grid-B-070,70,8146,8146,8196,8196,8196,60000,662.0,0.0
sim-grid-B-070,70,8146,8146,8196,8196,8196,60000,1070.0,0.0
sim-grid-B-070,70,8146,8146,8196,8196,8196,60000,788.0,0.0
sim-grid-B-070,70,8146,8146,8196,8196,8196,60000,944.0,0.0
sim-grid-B-070,70,8150,8150,8196,8196,8196,60000,836.0,0.0
sim-grid-B-070,70,8146,8146,8196,8196,8196,60000,834.0,0.0
sim-grid-B-070,70,8146,8146,8196,8196,8196,60000,691.0,0.0
sim-grid-B-070,70,8146,8146,8196,8196,8196,60000,673.0,0.0
sim-grid-B-070,70,8150,8150,8196,8196,8196,60000,954.0,0.0
sim-grid-B-070,70,8146,8146,8196,8196,8196,60000,846.0,0.0
sim-grid-B-070,70,8146,8146,8196,8196,8196,60000,911.0,0.0
sim-grid-B-075,75,17669,17669,17720,17720,17720,100,106.0,1.0
sim-grid-B-075,75,17384,17384,17720,17720,17720,100,106.0,1.0
sim-grid-B-075,75,17557,17557,17720,17720,17720,100,106.0,1.0
sim-grid-B-075,75,17629,17629,17720,17720,17720,100,110.0,1.0
sim-grid-B-075,75,17669,17669,17720,17720,17720,100,108.0,1.0
sim-grid-B-075,75,17669,17669,17720,17720,17720,100,107.0,1.0
sim-grid-B-075,75,17662,17662,17720,17720,17720,100,107.0,1.0
sim-grid-B-075,75,17597,17597,17720,17720,17720,100,107.0,1.0
sim-grid-B-075,75,17669,17669,17720,17720,17720,100,109.0,1.0
sim-grid-B-075,75,17669,17669,17720,17720,17720,100,105.0,1.0
sim-grid-B-075,75,17669,17669,17720,17720,17720,100,107.0,1.0
sim-grid-B-075,75,17235,17235,17720,17720,17720,1000,1007.0,1.0
sim-grid-B-075,75,17622,17622,17720,17720,17720,1000,1006.0,1.0
sim-grid-B-075,75,17501,17501,17720,17720,17720,1000,1006.0,1.0
sim-grid-B-075,75,17669,17669,17720,17720,17720,1000,675.0,0.0
sim-grid-B-075,75,17494,17494,17720,17720,17720,1000,1009.0,1.0
sim-grid-B-075,75,17265,17265,17720,17720,17720,1000,1009.0,1.0
sim-grid-B-075,75,17546,17546,17720,17720,17720,1000,1006.0,1.0
sim-grid-B-075,75,17413,17413,17720,17720,17720,1000,1006.0,1.0
sim-grid-B-075,75,17590,17590,17720,17720,17720,1000,806.0,0.0
sim-grid-B-075,75,17550,17550,17720,17720,17720,1000,1007.0,1.0
sim-grid-B-075,75,17501,17501,17720,17720,17720,1000,1009.0,1.0
sim-grid-B-075,75,17305,17305,17720,17720,17720,10000,1361.0,0.0
sim-grid-B-075,75,16804,16804,17720,17720,17720,10000,1514.0,0.0
sim-grid-B-075,75,17265,17265,17720,17720,17720,10000,1211.0,0.0
sim-grid-B-075,75,17235,17235,17720,17720,17720,10000,1519.0,0.0
sim-grid-B-075,75,17060,17060,17720,17720,17720,10000,1534.0,0.0
sim-grid-B-075,75,17244,17244,17720,17720,17720,10000,1526.0,0.0
sim-grid-B-075,75,17265,17265,17720,17720,17720,10000,1534.0,0.0
sim-grid-B-075,75,17132,17132,17720,17720,17720,10000,1503.0,0.0
sim-grid-B-075,75,17030,17030,17720,17720,17720,10000,1532.0,0.0
sim-grid-B-075,75,17139,17139,17720,17720,17720,10000,1523.0,0.0
sim-grid-B-075,75,17597,17597,17720,17720,17720,10000,683.0,0.0
sim-grid-B-075,75,17139,17139,17720,17720,17720,60000,1515.0,0.0
sim-grid-B-075,75,17006,17006,17720,17720,17720,60000,1527.0,0.0
sim-grid-B-075,75,16813,16813,17720,17720,17720,60000,1512.0,0.0
sim-grid-B-075,75,17265,17265,17720,17720,17720,60000,1536.0,0.0
sim-grid-B-075,75,17030,17030,17720,17720,17720,60000,1512.0,0.0
sim-grid-B-075,75,17275,17275,17720,17720,17720,60000,1528.0,0.0
sim-grid-B-075,75,17424,17424,17720,17720,17720,60000,1508.0,0.0
sim-grid-B-075,75,17235,17235,17720,17720,17720,60000,1530.0,0.0
sim-grid-B-075,75,17424,17424,17720,17720,17720,60000,1031.0,0.0
sim-grid-B-075,75,17520,17520,17720,17720,17720,60000,1460.0,0.0
sim-grid-B-075,75,17139,17139,17720,17720,17720,60000,1510.0,0.0
sim-grid-B-080,80,16829,16829,16838,16838,16838,100,109.0,1.0
sim-grid-B-080,80,16829,16829,16838,16838,16838,100,108.0,1.0
sim-grid-B-080,80,16829,16829,16838,16838,16838,100,108.0,1.0
sim-grid-B-080,80,16785,16785,16838,16838,16838,100,106.0,1.0
sim-grid-B-080,80,16829,16829,16838,16838,16838,100,109.0,1.0
sim-grid-B-080,80,16829,16829,16838,16838,16838,100,110.0,1.0
sim-grid-B-080,80,16746,16746,16838,16838,16838,100,108.0,1.0
sim-grid-B-080,80,16817,16817,16838,16838,16838,100,108.0,1.0
sim-grid-B-080,80,16817,16817,16838,16838,16838,100,106.0,1.0
sim-grid-B-080,80,16817,16817,16838,16838,16838,100,109.0,1.0
sim-grid-B-080,80,16829,16829,16838,16838,16838,100,107.0,1.0
sim-grid-B-080,80,16635,16635,16838,16838,16838,1000,1008.0,1.0
sim-grid-B-080,80,16714,16714,16838,16838,16838,1000,1010.0,1.0
sim-grid-B-080,80,16706,16706,16838,16838,16838,1000,1006.0,1.0
sim-grid-B-080,80,16758,16758,16838,16838,16838,1000,750.0,0.0
sim-grid-B-080,80,16817,16817,16838,16838,16838,1000,817.0,0.0
sim-grid-B-080,80,16714,16714,16838,16838,16838,1000,1011.0,1.0
sim-grid-B-080,80,16657,16657,16838,16838,16838,1000,1010.0,1.0
sim-grid-B-080,80,16613,16613,16838,16838,16838,1000,1010.0,1.0
sim-grid-B-080,80,16679,16679,16838,16838,16838,1000,1008.0,1.0
sim-grid-B-080,80,16706,16706,16838,16838,16838,1000,1008.0,1.0
sim-grid-B-080,80,16750,16750,16838,16838,16838,1000,876.0,0.0
sim-grid-B-080,80,16661,16661,16838,16838,16838,10000,1621.0,0.0
sim-grid-B-080,80,16585,16585,16838,16838,16838,10000,1502.0,0.0
sim-grid-B-080,80,16613,16635,16838,16838,16838,10000,1557.0,0.0
sim-grid-B-080,80,16657,16657,16838,16838,16838,10000,1628.0,0.0
sim-grid-B-080,80,16684,16684,16838,16838,16838,10000,1651.0,0.0
sim-grid-B-080,80,16639,16639,16838,16838,16838,10000,1620.0,0.0
sim-grid-B-080,80,16613,16613,16838,16838,16838,10000,1625.0,0.0
sim-grid-B-080,80,16635,16635,16838,16838,16838,10000,1612.0,0.0
sim-grid-B-080,80,16817,16817,16838,16838,16838,10000,740.0,0.0
sim-grid-B-080,80,16679,16679,16838,16838,16838,10000,1698.0,0.0
sim-grid-B-080,80,16750,16750,16838,16838,16838,10000,1124.0,0.0
sim-grid-B-080,80,16657,16657,16838,16838,16838,60000,1633.0,0.0
sim-grid-B-080,80,16679,16679,16838,16838,16838,60000,1382.0,0.0
sim-grid-B-080,80,16590,16590,16838,16838,16838,60000,1619.0,0.0
sim-grid-B-080,80,16758,16758,16838,16838,16838,60000,920.0,0.0
sim-grid-B-080,80,16679,16679,16838,16838,16838,60000,967.0,0.0
sim-grid-B-080,80,16829,16829,16838,16838,16838,60000,719.0,0.0
sim-grid-B-080,80,16829,16829,16838,16838,16838,60000,727.0,0.0
sim-grid-B-080,80,16568,16568,16838,16838,16838,60000,1615.0,0.0
sim-grid-B-080,80,16728,16728,16838,16838,16838,60000,1125.0,0.0
sim-grid-B-080,80,16746,16746,16838,16838,16838,60000,1462.0,0.0
sim-grid-B-080,80,16657,16657,16838,16838,16838,60000,1623.0,0.0
sim-grid-B-085,85,17171,17171,17171,17171,17171,100,108.0,1.0
sim-grid-B-085,85,17171,17171,17171,17171,17171,100,110.0,1.0
sim-grid-B-085,85,17171,17171,17171,17171,17171,100,108.0,1.0
sim-grid-B-085,85,17171,17171,17171,17171,17171,100,107.0,1.0
sim-grid-B-085,85,17171,17171,17171,17171,17171,100,109.0,1.0
sim-grid-B-085,85,17171,17171,17171,17171,17171,100,108.0,1.0
sim-grid-B-085,85,17171,17171,17171,17171,17171,100,110.0,1.0
sim-grid-B-085,85,17171,17171,17171,17171,17171,100,107.0,1.0
sim-grid-B-085,85,17171,17171,17171,17171,17171,100,110.0,1.0
sim-grid-B-085,85,17171,17171,17171,17171,17171,100,107.0,1.0
sim-grid-B-085,85,17171,17171,17171,17171,17171,100,109.0,1.0
sim-grid-B-085,85,17171,17171,17171,17171,17171,1000,754.0,0.0
sim-grid-B-085,85,17140,17140,17171,17171,17171,1000,805.0,0.0
sim-grid-B-085,85,17140,17140,17171,17171,17171,1000,951.0,0.0
sim-grid-B-085,85,17140,17140,17171,17171,17171,1000,781.0,0.0
sim-grid-B-085,85,17140,17140,17171,17171,17171,1000,786.0,0.0
sim-grid-B-085,85,17171,17171,17171,17171,17171,1000,759.0,0.0
sim-grid-B-085,85,17140,17140,17171,17171,17171,1000,823.0,0.0
sim-grid-B-085,85,17171,17171,17171,17171,17171,1000,749.0,0.0
sim-grid-B-085,85,17171,17171,17171,17171,17171,1000,762.0,0.0
sim-grid-B-085,85,17140,17140,17171,17171,17171,1000,965.0,0.0
sim-grid-B-085,85,17140,17140,17171,17171,17171,1000,1012.0,1.0
sim-grid-B-085,85,17171,17171,17171,17171,17171,10000,763.0,0.0
sim-grid-B-085,85,17140,17140,17171,17171,17171,10000,1247.0,0.0
sim-grid-B-085,85,17140,17140,17171,17171,17171,10000,833.0,0.0
sim-grid-B-085,85,17171,17171,17171,17171,17171,10000,754.0,0.0
sim-grid-B-085,85,17171,17171,17171,17171,17171,10000,759.0,0.0
sim-grid-B-085,85,17140,17140,17171,17171,17171,10000,863.0,0.0
sim-grid-B-085,85,17171,17171,17171,17171,17171,10000,761.0,0.0
sim-grid-B-085,85,17140,17140,17171,17171,17171,10000,1352.0,0.0
sim-grid-B-085,85,17140,17140,17171,17171,17171,10000,857.0,0.0
sim-grid-B-085,85,17140,17140,17171,17171,17171,10000,875.0,0.0
sim-grid-B-085,85,17140,17140,17171,17171,17171,10000,1359.0,0.0
sim-grid-B-085,85,17171,17171,17171,17171,17171,60000,753.0,0.0
sim-grid-B-085,85,17140,17140,17171,17171,17171,60000,1425.0,0.0
sim-grid-B-085,85,17140,17140,17171,17171,17171,60000,870.0,0.0
sim-grid-B-085,85,17140,17140,17171,17171,17171,60000,1010.0,0.0
sim-grid-B-085,85,17171,17171,17171,17171,17171,60000,752.0,0.0
sim-grid-B-085,85,17140,17140,17171,17171,17171,60000,1439.0,0.0
sim-grid-B-085,85,17140,17140,17171,17171,17171,60000,1107.0,0.0
sim-grid-B-085,85,17171,17171,17171,17171,17171,60000,752.0,0.0
sim-grid-B-085,85,17140,17140,17171,17171,17171,60000,804.0,0.0
sim-grid-B-085,85,17140,17140,17171,17171,17171,60000,1015.0,0.0
sim-grid-B-085,85,17140,17140,17171,17171,17171,60000,995.0,0.0
sim-grid-B-090,90,17133,17133,17241,17241,17241,100,109.0,1.0
sim-grid-B-090,90,17137,17137,17241,17241,17241,100,108.0,1.0
sim-grid-B-090,90,16932,16932,17241,17241,17241,100,109.0,1.0
sim-grid-B-090,90,17133,17133,17241,17241,17241,100,108.0,1.0
sim-grid-B-090,90,17133,17133,17241,17241,17241,100,111.0,1.0
sim-grid-B-090,90,17133,17133,17241,17241,17241,100,107.0,1.0
sim-grid-B-090,90,17133,17133,17241,17241,17241,100,108.0,1.0
sim-grid-B-090,90,17133,17133,17241,17241,17241,100,112.0,1.0
sim-grid-B-090,90,17133,17133,17241,17241,17241,100,108.0,1.0
sim-grid-B-090,90,16932,16932,17241,17241,17241,100,109.0,1.0
sim-grid-B-090,90,17133,17133,17241,17241,17241,100,109.0,1.0
sim-grid-B-090,90,16932,16932,17241,17241,17241,1000,993.0,0.0
sim-grid-B-090,90,16932,16932,17241,17241,17241,1000,1011.0,1.0
sim-grid-B-090,90,16932,16932,17241,17241,17241,1000,1010.0,1.0
sim-grid-B-090,90,16932,16932,17241,17241,17241,1000,1009.0,1.0
sim-grid-B-090,90,16932,16932,17241,17241,17241,1000,1009.0,1.0
sim-grid-B-090,90,16932,16932,17241,17241,17241,1000,950.0,0.0
sim-grid-B-090,90,16932,16932,17241,17241,17241,1000,934.0,0.0
sim-grid-B-090,90,17133,17133,17241,17241,17241,1000,886.0,0.0
sim-grid-B-090,90,16932,16932,17241,17241,17241,1000,1010.0,1.0
sim-grid-B-090,90,16932,16932,17241,17241,17241,1000,879.0,0.0
sim-grid-B-090,90,16932,16932,17241,17241,17241,1000,1010.0,1.0
sim-grid-B-090,90,16932,16932,17241,17241,17241,10000,1304.0,0.0
sim-grid-B-090,90,16932,16932,17241,17241,17241,10000,1105.0,0.0
sim-grid-B-090,90,16932,16932,17241,17241,17241,10000,937.0,0.0
sim-grid-B-090,90,16932,16932,17241,17241,17241,10000,971.0,0.0
sim-grid-B-090,90,16932,16932,17241,17241,17241,10000,1074.0,0.0
sim-grid-B-090,90,16932,16932,17241,17241,17241,10000,1146.0,0.0
sim-grid-B-090,90,16932,16932,17241,17241,17241,10000,991.0,0.0
sim-grid-B-090,90,16932,16932,17241,17241,17241,10000,1007.0,0.0
sim-grid-B-090,90,16932,16932,17241,17241,17241,10000,932.0,0.0
sim-grid-B-090,90,16932,16932,17241,17241,17241,10000,904.0,0.0
sim-grid-B-090,90,16932,16932,17241,17241,17241,10000,948.0,0.0
sim-grid-B-090,90,17133,17133,17241,17241,17241,60000,866.0,0.0
sim-grid-B-090,90,16932,16932,17241,17241,17241,60000,928.0,0.0
sim-grid-B-090,90,16932,16932,17241,17241,17241,60000,1083.0,0.0
sim-grid-B-090,90,17133,17133,17241,17241,17241,60000,860.0,0.0
sim-grid-B-090,90,16932,16932,17241,17241,17241,60000,1044.0,0.0
sim-grid-B-090,90,16932,16932,17241,17241,17241,60000,1159.0,0.0
sim-grid-B-090,90,16932,16932,17241,17241,17241,60000,1008.0,0.0
sim-grid-B-090,90,16932,16932,17241,17241,17241,60000,1065.0,0.0
sim-grid-B-090,90,16932,16932,17241,17241,17241,60000,992.0,0.0
sim-grid-B-090,90,16932,16932,17241,17241,17241,60000,967.0,0.0
sim-grid-B-090,90,16932,16932,17241,17241,17241,60000,908.0,0.0
sim-grid-B-095,95,18287,18305,18336,18336,18336,100,112.0,1.0
sim-grid-B-095,95,18298,18298,18336,18336,18336,100,109.0,1.0
sim-grid-B-095,95,18305,18305,18336,18336,18336,100,111.0,1.0
sim-grid-B-095,95,18230,18230,18336,18336,18336,100,112.0,1.0
sim-grid-B-095,95,18305,18305,18336,18336,18336,100,112.0,1.0
sim-grid-B-095,95,18305,18305,18336,18336,18336,100,109.0,1.0
sim-grid-B-095,95,18305,18305,18336,18336,18336,100,110.0,1.0
sim-grid-B-095,95,18305,18305,18336,18336,18336,100,108.0,1.0
sim-grid-B-095,95,18305,18305,18336,18336,18336,100,111.0,1.0
sim-grid-B-095,95,18305,18305,18336,18336,18336,100,111.0,1.0
sim-grid-B-095,95,18230,18230,18336,18336,18336,100,109.0,1.0
sim-grid-B-095,95,18182,18182,18336,18336,18336,1000,1010.0,1.0
sim-grid-B-095,95,18197,18197,18336,18336,18336,1000,1012.0,1.0
sim-grid-B-095,95,18182,18182,18336,18336,18336,1000,1010.0,1.0
sim-grid-B-095,95,18197,18197,18336,18336,18336,1000,1007.0,1.0
sim-grid-B-095,95,18197,18197,18336,18336,18336,1000,1012.0,1.0
sim-grid-B-095,95,18197,18197,18336,18336,18336,1000,1013.0,1.0
sim-grid-B-095,95,18197,18197,18336,18336,18336,1000,1010.0,1.0
sim-grid-B-095,95,18182,18182,18336,18336,18336,1000,1012.0,1.0
sim-grid-B-095,95,18182,18182,18336,18336,18336,1000,1012.0,1.0
sim-grid-B-095,95,18182,18182,18336,18336,18336,1000,1009.0,1.0
sim-grid-B-095,95,18197,18197,18336,18336,18336,1000,1010.0,1.0
sim-grid-B-095,95,18197,18197,18336,18336,18336,10000,1794.0,0.0
sim-grid-B-095,95,18182,18182,18336,18336,18336,10000,2049.0,0.0
sim-grid-B-095,95,18182,18182,18336,18336,18336,10000,1221.0,0.0
sim-grid-B-095,95,18197,18197,18336,18336,18336,10000,1948.0,0.0
sim-grid-B-095,95,18230,18230,18336,18336,18336,10000,1079.0,0.0
sim-grid-B-095,95,18182,18182,18336,18336,18336,10000,1825.0,0.0
sim-grid-B-095,95,18182,18182,18336,18336,18336,10000,1295.0,0.0
sim-grid-B-095,95,18230,18230,18336,18336,18336,10000,1156.0,0.0
sim-grid-B-095,95,18280,18280,18336,18336,18336,10000,988.0,0.0
sim-grid-B-095,95,18182,18182,18336,18336,18336,10000,2031.0,0.0
sim-grid-B-095,95,18182,18182,18336,18336,18336,10000,2041.0,0.0
sim-grid-B-095,95,18182,18182,18336,18336,18336,60000,1422.0,0.0
sim-grid-B-095,95,18182,18182,18336,18336,18336,60000,1736.0,0.0
sim-grid-B-095,95,18182,18182,18336,18336,18336,60000,1094.0,0.0
sim-grid-B-095,95,18182,18182,18336,18336,18336,60000,1966.0,0.0
sim-grid-B-095,95,18197,18197,18336,18336,18336,60000,1525.0,0.0
sim-grid-B-095,95,18197,18197,18336,18336,18336,60000,953.0,0.0
sim-grid-B-095,95,18197,18197,18336,18336,18336,60000,1531.0,0.0
sim-grid-B-095,95,18197,18197,18336,18336,18336,60000,955.0,0.0
sim-grid-B-095,95,18197,18197,18336,18336,18336,60000,1161.0,0.0
sim-grid-B-095,95,18182,18182,18336,18336,18336,60000,2030.0,0.0
sim-grid-B-095,95,18272,18272,18336,18336,18336,60000,904.0,0.0
sim-grid-B-100,100,19943,19943,19943,19943,19943,100,112.0,1.0
sim-grid-B-100,100,19943,19943,19943,19943,19943,100,110.0,1.0
sim-grid-B-100,100,19876,19876,19943,19943,19943,100,111.0,1.0
sim-grid-B-100,100,19943,19943,19943,19943,19943,100,112.0,1.0
sim-grid-B-100,100,19943,19943,19943,19943,19943,100,108.0,1.0
sim-grid-B-100,100,19943,19943,19943,19943,19943,100,109.0,1.0
sim-grid-B-100,100,19943,19943,19943,19943,19943,100,110.0,1.0
sim-grid-B-100,100,19943,19943,19943,19943,19943,100,114.0,1.0
sim-grid-B-100,100,19943,19943,19943,19943,19943,100,110.0,1.0
sim-grid-B-100,100,19943,19943,19943,19943,19943,100,110.0,1.0
sim-grid-B-100,100,19943,19943,19943,19943,19943,100,111.0,1.0
sim-grid-B-100,100,19549,19549,19943,19943,19943,1000,1012.0,1.0
sim-grid-B-100,100,19597,19597,19943,19943,19943,1000,1011.0,1.0
sim-grid-B-100,100,19540,19540,19943,19943,19943,1000,1012.0,1.0
sim-grid-B-100,100,19837,19837,19943,19943,19943,1000,1008.0,1.0
sim-grid-B-100,100,19712,19712,19943,19943,19943,1000,1008.0,1.0
sim-grid-B-100,100,19598,19598,19943,19943,19943,1000,1009.0,1.0
sim-grid-B-100,100,19670,19670,19943,19943,19943,1000,1012.0,1.0
sim-grid-B-100,100,19463,19463,19943,19943,19943,1000,1010.0,1.0
sim-grid-B-100,100,19549,19549,19943,19943,19943,1000,1009.0,1.0
sim-grid-B-100,100,19717,19717,19943,19943,19943,1000,1011.0,1.0
sim-grid-B-100,100,19808,19808,19943,19943,19943,1000,1014.0,1.0
sim-grid-B-100,100,19463,19463,19943,19943,19943,10000,2117.0,0.0
sim-grid-B-100,100,19463,19463,19943,19943,19943,10000,2119.0,0.0
sim-grid-B-100,100,19621,19621,19943,19943,19943,10000,1624.0,0.0
sim-grid-B-100,100,19603,19603,19943,19943,19943,10000,2112.0,0.0
sim-grid-B-100,100,19463,19463,19943,19943,19943,10000,1830.0,0.0
sim-grid-B-100,100,19544,19544,19943,19943,19943,10000,2114.0,0.0
sim-grid-B-100,100,19463,19463,19943,19943,19943,10000,2093.0,0.0
sim-grid-B-100,100,19544,19544,19943,19943,19943,10000,1796.0,0.0
sim-grid-B-100,100,19736,19736,19943,19943,19943,10000,1215.0,0.0
sim-grid-B-100,100,19531,19531,19943,19943,19943,10000,1491.0,0.0
sim-grid-B-100,100,19694,19694,19943,19943,19943,10000,1779.0,0.0
sim-grid-B-100,100,19463,19463,19943,19943,19943,60000,2098.0,0.0
sim-grid-B-100,100,19463,19463,19943,19943,19943,60000,2095.0,0.0
sim-grid-B-100,100,19860,19860,19943,19943,19943,60000,1521.0,0.0
sim-grid-B-100,100,19468,19468,19943,19943,19943,60000,2118.0,0.0
sim-grid-B-100,100,19722,19722,19943,19943,19943,60000,1492.0,0.0
sim-grid-B-100,100,19540,19540,19943,19943,19943,60000,2113.0,0.0
sim-grid-B-100,100,19463,19463,19943,19943,19943,60000,2128.0,0.0
sim-grid-B-100,100,19608,19608,19943,19943,19943,60000,1966.0,0.0
sim-grid-B-100,100,19440,19440,19943,19943,19943,60000,2101.0,0.0
sim-grid-B-100,100,19544,19544,19943,19943,19943,60000,2107.0,0.0
sim-grid-B-100,100,19540,19540,19943,19943,19943,60000,2116.0,0.0
sim-grid-B-200,200,37030,37030,37030,37030,37030,100,127.0,1.0
sim-grid-B-200,200,37030,37030,37030,37030,37030,100,127.0,1.0
sim-grid-B-200,200,37030,37030,37030,37030,37030,100,136.0,1.0
sim-grid-B-200,200,37030,37030,37030,37030,37030,100,126.0,1.0
sim-grid-B-200,200,37030,37030,37030,37030,37030,100,137.0,1.0
sim-grid-B-200,200,37030,37030,37030,37030,37030,100,126.0,1.0
sim-grid-B-200,200,37030,37030,37030,37030,37030,100,127.0,1.0
sim-grid-B-200,200,37030,37030,37030,37030,37030,100,141.0,1.0
sim-grid-B-200,200,37030,37030,37030,37030,37030,100,138.0,1.0
sim-grid-B-200,200,37030,37030,37030,37030,37030,100,139.0,1.0
sim-grid-B-200,200,37030,37030,37030,37030,37030,100,137.0,1.0
sim-grid-B-200,200,37030,37030,37030,37030,37030,1000,1035.0,1.0
sim-grid-B-200,200,37030,37030,37030,37030,37030,1000,1031.0,1.0
sim-grid-B-200,200,37030,37030,37030,37030,37030,1000,1035.0,1.0
sim-grid-B-200,200,37030,37030,37030,37030,37030,1000,1038.0,1.0
sim-grid-B-200,200,36898,36898,37030,37030,37030,1000,1035.0,1.0
sim-grid-B-200,200,36914,36914,37030,37030,37030,1000,1036.0,1.0
sim-grid-B-200,200,37030,37030,37030,37030,37030,1000,1034.0,1.0
sim-grid-B-200,200,37030,37030,37030,37030,37030,1000,1028.0,1.0
sim-grid-B-200,200,37030,37030,37030,37030,37030,1000,1029.0,1.0
sim-grid-B-200,200,37030,37030,37030,37030,37030,1000,1039.0,1.0
sim-grid-B-200,200,36846,36846,37030,37030,37030,1000,1026.0,1.0
sim-grid-B-200,200,36835,36835,37030,37030,37030,10000,3293.0,0.0
sim-grid-B-200,200,37030,37030,37030,37030,37030,10000,2317.0,0.0
sim-grid-B-200,200,36846,36846,37030,37030,37030,10000,4227.0,0.0
sim-grid-B-200,200,37030,37030,37030,37030,37030,10000,2303.0,0.0
sim-grid-B-200,200,36835,36835,37030,37030,37030,10000,3023.0,0.0
sim-grid-B-200,200,37030,37030,37030,37030,37030,10000,2282.0,0.0
sim-grid-B-200,200,37030,37030,37030,37030,37030,10000,2314.0,0.0
sim-grid-B-200,200,36784,36784,37030,37030,37030,10000,4074.0,0.0
sim-grid-B-200,200,36898,36898,37030,37030,37030,10000,2699.0,0.0
sim-grid-B-200,200,37030,37030,37030,37030,37030,10000,2324.0,0.0
sim-grid-B-200,200,37030,37030,37030,37030,37030,10000,2321.0,0.0
sim-grid-B-200,200,37030,37030,37030,37030,37030,60000,2301.0,0.0
sim-grid-B-200,200,37030,37030,37030,37030,37030,60000,2333.0,0.0
sim-grid-B-200,200,36784,36784,37030,37030,37030,60000,4386.0,0.0
sim-grid-B-200,200,37030,37030,37030,37030,37030,60000,2292.0,0.0
sim-grid-B-200,200,37030,37030,37030,37030,37030,60000,2314.0,0.0
sim-grid-B-200,200,36652,36652,37030,37030,37030,60000,4289.0,0.0
sim-grid-B-200,200,37030,37030,37030,37030,37030,60000,2314.0,0.0
sim-grid-B-200,200,36652,36652,37030,37030,37030,60000,2907.0,0.0
sim-grid-B-200,200,36784,36784,37030,37030,37030,60000,2806.0,0.0
sim-grid-B-200,200,36784,36784,37030,37030,37030,60000,3859.0,0.0
sim-grid-B-200,200,37030,37030,37030,37030,37030,60000,2307.0,0.0
